{"hparms": {"model": "segnet_single_slice", "pre-processing": false, "post-processing": false, "data_augment": false, "keep_prob": 1, "nb_iter": 150, "epochs_per_iter": 1, "batch_size": 32, "calc_crps": 0, "m": 2500, "rnd_seed": 176, "image_size": [184, 184], "loss": "binary_crossentropy", "optimizer": {"name": "Adam", "params": {"lr": 0.0009, "beta_1": 0.9, "beta_2": 0.999, "epsilon": null, "decay": 0.0, "amsgrad": false}}, "loss_best": 0.001349478656798601}, "losses": [0.13822071460485458, 0.06048817640542984, 0.0436943457454443, 0.032586372402310375, 0.026154550328850747, 0.01905832696557045, 0.01835601519346237, 0.015678972004354, 0.014113639616966248, 0.013841160586476326, 0.012285570442676544, 0.01158476522564888, 0.012156698954105377, 0.011095157759636641, 0.010223393119871617, 0.009468264742195606, 0.008996850788593292, 0.009274738031625748, 0.010107945035398006, 0.008665165957808495, 0.007843675962090492, 0.009100294448062778, 0.007680063194036484, 0.007268582499027252, 0.00746699358522892, 0.007430890817940235, 0.006757048800587654, 0.006748372937738895, 0.006281719888001681, 0.006174351254105568, 0.005845623246580362, 0.005775530847907067, 0.005504268216341734, 0.005371009586751461, 0.005355221994221211, 0.00556024464070797, 0.012616744346916675, 0.008705587308108807, 0.006166044995188713, 0.005507100562006235, 0.004970747723802924, 0.004679641255736351, 0.00443980073928833, 0.004424547926336527, 0.0044045794904232025, 0.00402260132804513, 0.003975721767544746, 0.0038013246078044175, 0.003697748329490423, 0.0036589828059077263, 0.0036138700000941755, 0.003626009412109852, 0.003522734196484089, 0.0033770584966987373, 0.003314756902307272, 0.0032350042905658484, 0.0032923222474753855, 0.0033184908494353293, 0.003055897434428334, 0.0028605487667024134, 0.0029920526258647444, 0.003000331631675363, 0.0028585941895842553, 0.002830890067666769, 0.002601394874602556, 0.0025502592720091344, 0.0029885152500122784, 0.002880726056545973, 0.0027962337244302033, 0.00271435521543026, 0.0026824630364775657, 0.002485524485260248, 0.0023981582768261432, 0.0025253770845010876, 0.0037499976426362993, 0.0035192048594355585, 0.0042420640833675865, 0.011261029954254627, 0.005732771697640419, 0.0035132186088711022, 0.00270794500336051, 0.002396631334722042, 0.0021325433297082782, 0.0020212731324136257, 0.0019667349237948656, 0.001964781875908375, 0.0019089470699429512, 0.0019098176140338182, 0.001856057958304882, 0.0019457959920167922, 0.0022424480579793455, 0.0019766984649002553, 0.0019043928498402238, 0.0017815190371125937, 0.001735695853829384, 0.001809046083688736, 0.0018490463614463807, 0.0017888744346797466, 0.0018325081372633576, 0.0018539061978459358, 0.0018427146665751933, 0.0018377281796187162, 0.001704339474067092, 0.0017244508370757104, 0.0016913233479484916, 0.0016881905198097228, 0.0016719928797334432, 0.0017217527355998755, 0.001700992764160037, 0.0016330285876989365, 0.0016962993800640107, 0.0016441996097564698, 0.0017102982126176358, 0.0016586638398468495, 0.0017203510027378798, 0.0015497095488011838, 0.0016749639309942721, 0.0016266339715570212, 0.0017434904865920543, 0.0017395275089889764, 0.0016568651676177979, 0.0015580343076027929, 0.0014500676035881042, 0.001556266750395298, 0.0016089287213981152, 0.00151294125597924, 0.0015211847668513655, 0.0015334926225244998, 0.0014981355220079421, 0.0014183108113706112, 0.001349478656798601, 0.001478999451547861, 0.0015356933729723096, 0.0014117459751665593, 0.001373580425977707, 0.0015610857248306274, 0.0015814731935039164, 0.0016338459314778448, 0.0014474695581942797, 0.0016416416831314565, 0.0013925701152533293, 0.013853024451434612, 0.015130332836508751, 0.00956188721060753, 0.0060496142730116845, 0.004409260516613722, 0.0035392642229795457, 0.0028381094869226217, 0.0023842890914529563, 0.002006520038470626], "duration": 2215.0776159763336}