{"hparms": {"model": "modelv02", "pre-processing": false, "post-processing": false, "data_augment": false, "keep_prob": 1, "nb_iter": 150, "epochs_per_iter": 1, "batch_size": 128, "calc_crps": 0, "m": 5123, "loss": "RMSE", "optimizer": {"name": "Adam", "params": {"lr": 0.0005, "beta_1": 0.9, "beta_2": 0.999, "epsilon": null, "decay": 0.0, "amsgrad": false}}}, "losses": {"train": [[35.48224059265688, 80.12266442612282], [34.579553227681714, 71.2855498329492], [32.615704329603034, 67.51609158800939], [34.5439177497069, 66.99695288887777], [33.689461663630745, 69.65402332612089], [32.74826215226117, 66.57410679994254], [32.49795858183556, 68.11126392938708], [32.55351295945818, 68.51461748438192], [32.618865521485176, 66.2347565479004], [32.60552432764504, 66.00510768885728], [32.761511669591684, 65.92389240995446], [32.41491148209508, 65.47892347281373], [32.53158775100652, 65.59813171074023], [32.275202884939304, 65.44230266570115], [32.310399749971765, 65.45336688661261], [32.412696543831046, 65.37995271666453], [32.57759030210184, 65.28011815075061], [32.26077521129421, 65.5557897753412], [32.39530974790858, 65.82550307569576], [32.25533359869133, 65.28039669251844], [32.35774361619021, 65.49616549404169], [32.14164224477127, 65.12267336458018], [32.20313109837383, 65.01781125381592], [31.986568463026067, 65.26966985943085], [31.984826766156253, 65.03300388221713], [32.14613597129548, 65.03881372106049], [32.18305971657948, 64.87152519328444], [31.924854642445066, 64.61023025159052], [31.925679274552273, 65.18804197690638], [31.80739485877233, 64.45715655149789], [31.79429907983732, 64.10058267095026], [31.81358821102979, 63.90902067632552], [31.589689200318247, 63.914823429268665], [31.332557474877607, 64.44893038531693], [31.19358705537847, 63.33696152007007], [31.088356982210435, 64.36677074316043], [31.16396675240153, 64.98195289152079], [31.14951961440091, 63.52052525271146], [30.95754039296292, 63.13793090611849], [30.617649727025885, 62.75192646399798], [31.28374608140598, 65.22791340165558], [30.307908167516818, 64.50238577206852], [29.758389040329714, 62.90050528834116], [31.463788506460645, 62.05916797780328], [30.88023766356871, 62.47511638074597], [29.94303965748854, 61.549550558770974], [29.559556997878055, 61.13166458044264], [29.094137422106098, 61.799106277759904], [29.26207599700384, 60.204836419397054], [28.80148812345424, 59.867181413608165], [29.02512930346338, 59.701839183650094], [27.779733346421185, 59.28790259750973], [27.222525462490026, 59.39163892959554], [26.737969056255324, 59.34870355610267], [25.97694836118856, 57.50412027298982], [26.23979263370809, 56.585172286060384], [25.47460511650333, 55.448010599825494], [24.704551267751864, 53.44386506854223], [24.981189036316977, 54.87647740740287], [24.54397577610095, 53.62692879153101], [26.446051102261567, 55.07925773754618], [27.093679307582583, 51.659873817222355], [26.086922085148498, 53.68493646387648], [25.518142878878376, 51.49863531345797], [23.825470651466983, 48.86751750435123], [25.81965857629341, 52.67344852027791], [24.604530890995946, 52.03757028982214], [23.534127359187845, 53.755588653408104], [22.29696654715053, 50.865590005015186], [21.846664183487047, 54.443912056603935], [22.111152747108402, 49.347328710916656], [22.408742101054624, 46.5287078755982], [21.722696973917454, 45.81686180433025], [23.981676300841734, 49.140711832523465], [21.595454212048192, 50.602847192600954], [20.514625100747466, 45.40413339163042], [21.523475358939283, 43.45339298457685], [20.42327103378657, 42.48746779070275], [22.292981861335065, 45.667687129671904], [21.34939612676877, 45.67366639612128], [20.144568005664432, 43.221647760931475], [20.48273789426064, 43.37802615774117], [19.521356749691652, 42.350384034945286], [20.79753669502387, 41.12708911677051], [20.88890136594044, 42.748808925691016], [19.5265074467246, 44.211479885457756], [19.281605157482243, 42.0048305956321], [19.638617322688628, 39.93663889467789], [19.05094325085854, 42.12386584136509], [19.663876282933224, 40.07053655925452], [20.621175155025426, 43.406274416296036], [20.889899302471203, 43.273999107381314], [19.424838601452283, 42.88253409689768], [19.57438710480965, 42.66329809013417], [19.60355060174425, 40.571780454766376], [19.87985265019406, 39.12005323943757], [18.94473852346978, 39.509951731785826], [19.121173146731334, 38.88629220514421], [19.846394496302572, 37.70635859295635], [19.533900058510884, 37.251374556687324], [18.334889183221254, 39.31076978212102], [18.309262494745415, 39.35060897086358], [17.574512004735965, 43.158316243477174], [19.088024441862608, 39.68188572139326], [18.459405480724744, 38.72378697736172], [18.365070819040426, 38.045446035250656], [18.224253363887343, 39.29608585742021], [18.30412507551593, 37.52359516546766], [18.202678223475214, 37.929711590571706], [19.400256826982872, 38.752938180064014], [18.822734930946293, 37.43644076680288], [18.06946553739579, 37.301626056076465], [17.404381426522487, 36.6226942011658], [17.384335490196733, 37.94465434676294], [17.448450733900476, 38.60247301677286], [19.197568753371154, 36.587075692498125], [17.939809284084568, 37.779883138317395], [18.21740278321727, 36.52165114958131], [17.902021564894056, 37.14690240216447], [17.454888579946637, 39.841968543822084], [17.249655222654283, 36.19548867870814], [18.859410946006804, 37.264408218130654], [18.19151702518142, 36.30899208340595], [17.235786551526477, 37.49567442156682], [17.029801404310394, 36.436666092194415], [17.448124085905842, 36.0127475270413], [16.903684447991846, 35.40689828378976], [17.47361996552513, 35.014493508116736], [17.147539222318972, 37.800631005463295], [18.258752869291694, 49.28941162995345], [17.072057146536313, 41.41665566400889], [17.17551018174435, 39.043293437599466], [17.59866646854841, 37.19581515081163], [17.560830603695173, 37.04253370187782], [17.032399721976226, 35.886766711512145], [17.635909851744977, 37.06144663728601], [16.86675910142376, 35.260602619276305], [16.679899540971796, 36.94445756296612], [17.186357038664976, 37.70102543771543], [16.580231433206723, 38.25702756112539], [17.24213343674045, 36.89522458286104], [16.518615485342806, 35.65498156988438], [17.919755366582002, 34.96911261028765], [17.68335695538936, 35.009291305225574], [17.071936936807738, 33.997086994239076], [16.645770203459406, 34.42405210235812], [16.65633004501, 35.36801966238848], [16.220316616085338, 34.52014282081848], [16.33377436062975, 34.89958080916208], [16.249679780407746, 34.686365038919924]],