{"hparms": {"model": "segnet_single_slice", "pre-processing": false, "post-processing": false, "data_augment": false, "keep_prob": 1, "nb_iter": 100, "epochs_per_iter": 1, "batch_size": 32, "calc_crps": 0, "m": 2500, "rnd_seed": 176, "image_size": [184, 184], "loss": "binary_crossentropy", "optimizer": {"name": "Adam", "params": {"lr": 0.005, "beta_1": 0.9, "beta_2": 0.999, "epsilon": null, "decay": 0.0, "amsgrad": false}}, "loss_best": 0.003635696429014206}, "losses": [0.13993530023097991, 0.06236742326021195, 0.03329823971539736, 0.02699662197381258, 0.02431858365535736, 0.021151147615909575, 0.02005021730661392, 0.017954339817166327, 0.016490255561470987, 0.015820486357808115, 0.014848056760430337, 0.015100029020011426, 0.014887381881475448, 0.01322104695737362, 0.012885020111501217, 0.011178027100861073, 0.011773966500163078, 0.010486636024713517, 0.010054403364658356, 0.010360520473122596, 0.011532492344081402, 0.010978855534642935, 0.009165149247646331, 0.008568462300300598, 0.008221120676398278, 0.008272230882942676, 0.00801589981764555, 0.008511199896037578, 0.008049023921228944, 0.007570079484581947, 0.007026089015603066, 0.006954625331610441, 0.006628574045002461, 0.0101532854616642, 0.015310343822836876, 0.018122046613693238, 0.015225261318683625, 0.010188350448012352, 0.008708988377451897, 0.007515857577323913, 0.00747685179784894, 0.0073426307410001754, 0.006923294273018837, 0.006706966080516577, 0.006222226835787296, 0.005763392908126116, 0.005670035106688738, 0.00548248231485486, 0.005388676252216101, 0.005419219632446766, 0.005201538249850273, 0.006441315039992333, 0.012889998215436935, 0.011933999967575073, 0.009655058832466602, 0.008321638701856137, 0.0067389873296022414, 0.006081621786952019, 0.005630932820588351, 0.005256361644342541, 0.005051673254370689, 0.004949910932034254, 0.005028923365101219, 0.004720219429954886, 0.004733358500897884, 0.004629545399546623, 0.0045437226571142676, 0.004413120424747467, 0.004734762031584978, 0.004773484709113836, 0.004674842786043882, 0.004864671521633864, 0.0044922992587089535, 0.004459280433692038, 0.0056730396449565885, 0.010279086667299271, 0.01707141134142876, 0.009986213330179452, 0.0072941017210483555, 0.006067686038464308, 0.005432028932124376, 0.005363430448621511, 0.0047972187578678134, 0.004471782647073269, 0.004356221929192543, 0.004253619141876697, 0.004049018006026745, 0.004009733261913061, 0.003907478157430888, 0.0038092189989984036, 0.0038313026443123816, 0.003774389386177063, 0.0039060375474393367, 0.003957265357673169, 0.003771093700826168, 0.003635696429014206, 0.0036822216644883158, 0.004136697421222925, 0.013710145199298859, 0.012632253228127957], "duration": 1474.9145352840424}