{"hparms": {"model": "modelv02", "pre-processing": false, "post-processing": false, "data_augment": false, "keep_prob": 1, "nb_iter": 250, "epochs_per_iter": 1, "batch_size": 128, "calc_crps": 0, "m": 2000, "rnd_seed": 176, "image_size": [64, 64], "loss": "RMSE", "optimizer": {"name": "Adam", "params": {"lr": 0.005, "beta_1": 0.9, "beta_2": 0.999, "epsilon": null, "decay": 0.1, "amsgrad": false}}}, "losses": {"train": {"systole": [97.06955993652343, 35.734241790771485, 33.08779968261719, 32.68419692993164, 32.36411529541016, 32.23592391967773, 32.52211639404297, 32.25515029907226, 32.17487091064453, 32.101120223999025, 32.00085372924805, 31.92743865966797, 31.992807464599608, 32.2051432800293, 31.955565414428712, 31.97112464904785, 32.01070152282715, 32.063709106445316, 31.837518463134767, 32.00756393432617, 32.01519088745117, 31.902049255371093, 31.87397880554199, 31.84067886352539, 31.89624641418457, 31.849178161621094, 32.006452102661136, 31.911501312255858, 31.837156829833983, 31.91548400878906, 31.81559913635254, 31.810994873046877, 31.853524322509767, 31.82494674682617, 31.83564384460449, 31.774554901123047, 31.922291107177735, 31.874222564697266, 31.834466094970704, 31.801492767333983, 31.80626495361328, 31.820377502441406, 31.772888565063475, 31.864488220214845, 31.76681610107422, 31.768514404296877, 31.85281768798828, 31.83774917602539, 31.815914611816407, 31.85218200683594, 31.733037719726564, 31.835966110229492, 31.788810577392578, 31.758964767456053, 31.82180892944336, 31.815341796875, 31.845229034423827, 31.767616424560547, 31.755588607788084, 31.798594512939452, 31.756924285888672, 31.738525390625, 31.70527114868164, 31.786363830566405, 31.86351303100586, 31.763367462158204, 31.74109878540039, 31.845157928466797, 31.72333679199219, 31.814289093017578, 31.745469818115236, 31.711916427612305, 31.74028549194336, 31.833830413818358, 31.81353576660156, 31.763778686523438, 31.79791702270508, 31.742886810302736, 31.776886596679688, 31.821484146118163, 31.698946685791014, 31.70031921386719, 31.7372664642334, 31.783138275146484, 31.76977279663086, 31.740035400390624, 31.74145050048828, 31.732782135009767, 31.774258422851563, 31.78722686767578, 31.853032836914064, 31.711878356933592, 31.79683120727539, 31.78786376953125, 31.73171905517578, 31.730771636962892, 31.762530822753906, 31.69884994506836, 31.78731575012207, 31.772001495361327, 31.701854400634765, 31.70053909301758, 31.773406677246093, 31.75187026977539, 31.67017517089844, 31.747211303710937, 31.70055389404297, 31.735004119873047, 31.72991439819336, 31.667833786010743, 31.68323211669922, 31.729017181396486, 31.717665405273436, 31.781585998535157, 31.67742446899414, 31.792238464355467, 31.677624816894532, 31.69997833251953, 31.82519920349121, 31.725833587646484, 31.776053619384765, 31.70330520629883, 31.68244445800781, 31.70920166015625, 31.710848693847655, 31.65367202758789, 31.67634780883789, 31.75920166015625, 31.733303680419922, 31.66784912109375, 31.70228218078613, 31.713946380615234, 31.780333404541015, 31.6736287689209, 31.675784225463868, 31.706150360107422, 31.721143951416014, 31.675261993408203, 31.659314346313476, 31.6905158996582, 31.750069274902344, 31.744430236816406, 31.718273315429688, 31.708226165771485, 31.639666748046874, 31.732526321411132, 31.795858612060545, 31.672914733886717, 31.74363494873047, 31.64766845703125, 31.69164306640625, 31.712041778564455, 31.673600845336914, 31.622482299804688, 31.679899444580077, 31.736952438354493, 31.756934814453125, 31.660206451416016, 31.688435363769532, 31.698466186523437, 31.740437316894532, 31.68675765991211, 31.724086151123046, 31.64431564331055, 31.712339019775392, 31.652757415771486, 31.66418914794922, 31.6896142578125, 31.65567092895508, 31.681809997558595, 31.660248413085938, 31.756897735595704, 31.681812591552735, 31.680352935791017, 31.636949768066405, 31.684963989257813, 31.66981590270996, 31.66441177368164, 31.650821838378906, 31.666110382080078, 31.65550094604492, 31.736600646972658, 31.699173278808594, 31.72311935424805, 31.650614471435546, 31.60687240600586, 31.651896667480468, 31.62702621459961, 31.679615631103516, 31.680243835449218, 31.697582092285156, 31.640348815917967, 31.66867630004883, 31.64511978149414, 31.62348159790039, 31.661043548583983, 31.669668121337892, 31.662465591430664, 31.62920738220215, 31.65333801269531, 31.676117095947266, 31.69139877319336, 31.717059783935547, 31.660540313720702, 31.644651184082033, 31.727477493286134, 31.681940612792967, 31.64896743774414, 31.66244758605957, 31.6670458984375, 31.634297790527345, 31.638497619628907, 31.65922882080078, 31.610942916870115, 31.62760528564453, 31.614168090820314, 31.642881927490233, 31.64937545776367, 31.623527603149412, 31.626179504394532, 31.664841613769532, 31.623756408691406, 31.65363624572754, 31.713160858154296, 31.614678344726563, 31.630124969482424, 31.712821044921874, 31.64999755859375, 31.678172607421875, 31.65820281982422, 31.64214614868164, 31.678660583496093, 31.66669761657715, 31.638867797851564, 31.660645751953126, 31.614786987304687, 31.680358200073243, 31.612159423828125, 31.66368682861328, 31.610819396972655, 31.65946823120117, 31.60418556213379, 31.660379028320314, 31.6352490234375, 31.6358625793457, 31.68168472290039, 31.67466522216797, 31.734734649658204, 31.677731018066407, 31.698253479003906],