{"hparms": {"model": "modelv02", "pre-processing": false, "post-processing": false, "data_augment": false, "keep_prob": 1, "nb_iter": 250, "epochs_per_iter": 1, "batch_size": 256, "calc_crps": 0, "m": 2000, "rnd_seed": 176, "image_size": [64, 64], "loss": "RMSE", "optimizer": {"name": "Adam", "params": {"lr": 0.00075, "beta_1": 0.9, "beta_2": 0.999, "epsilon": null, "decay": 0.0, "amsgrad": false}}}, "losses": {"train": {"systole": [41.85902481079101, 33.25598114013672, 32.79591796875, 33.572068481445314, 33.44089752197266, 32.531587829589846, 32.880694732666015, 32.424809265136716, 32.785321655273435, 32.22021171569824, 32.33608947753906, 31.641180725097655, 31.646961059570312, 31.791478576660158, 31.399329986572265, 31.40935089111328, 31.982781982421876, 32.96401733398437, 32.35500793457031, 31.555738525390623, 31.218206176757814, 31.54672866821289, 30.811721572875978, 30.942125091552736, 30.110095977783203, 29.568316497802734, 29.15474021911621, 28.966510772705078, 27.981542587280273, 27.30797302246094, 27.883660736083986, 26.842465209960938, 25.431937408447265, 25.16824005126953, 24.119748153686523, 23.392519073486326, 22.66557388305664, 21.945776748657227, 20.45091194152832, 19.704063720703125, 22.336881790161133, 19.210628814697266, 18.375179023742675, 20.51238250732422, 19.22617416381836, 17.358034591674805, 20.734854431152343, 18.326998672485352, 16.915572814941406, 16.616109504699708, 15.912152938842773, 14.258460464477539, 13.557002143859863, 13.99805606842041, 13.091365127563476, 13.48198959350586, 12.144381103515625, 12.995233993530274, 12.193260612487792, 13.002907981872559, 12.40556453704834, 11.265836563110351, 11.921494903564453, 10.980706176757813, 16.07734386444092, 13.046306610107422, 11.503339385986328, 12.28148796081543, 11.047125091552735, 11.380595436096192, 10.104920234680176, 11.6144677734375, 11.718800926208496, 9.856196632385254, 10.659031105041503, 11.759693145751953, 9.701001434326171, 8.824150390625, 9.375921440124511, 11.460083923339845, 11.29457504272461, 10.469169235229492, 10.80374366760254, 11.881625900268554, 13.798698387145997, 12.347408142089844, 9.738306045532227, 8.865557861328124, 9.311296005249023, 8.526641349792481, 9.13456527709961, 8.108881111145019, 7.559826602935791, 7.961871147155762, 8.135420112609863, 8.220292167663574, 8.014422550201417, 7.945910530090332, 7.528883018493652, 8.120443420410156, 8.55211898803711, 7.713434410095215, 7.898777008056641, 10.316558628082275, 10.082404861450195, 12.232944641113281, 14.211122760772705, 10.346573791503907, 9.37368766784668, 9.220694160461425, 7.97039758682251, 7.977626075744629, 7.213999938964844, 7.517043399810791, 8.93094596862793, 7.892293434143067, 7.301904468536377, 7.147339611053467, 7.256650619506836, 7.448442230224609, 7.835002784729004, 8.805523681640626, 8.319733352661133, 7.938833885192871, 7.3587845420837406, 8.306554794311523, 7.228943252563477, 6.936402549743653, 7.483334045410157, 6.720496501922607, 6.869423484802246, 6.578221702575684, 6.651904525756836, 8.340645446777344, 9.851125183105468, 10.025891971588134, 10.26402961730957, 8.174122219085694, 7.92176773071289, 7.848049430847168, 7.036307048797608, 6.835997581481934, 6.301770648956299, 6.3585232162475585, 6.344034957885742, 6.625102901458741, 7.08047342300415, 6.4352092361450195, 6.424209213256836, 6.482864303588867, 6.274829406738281, 6.544336605072021, 6.292717018127441, 6.552327117919922, 6.400349769592285, 6.893062763214111, 6.234683303833008, 5.9591888809204105, 6.061886672973633, 6.008972244262695, 6.294550018310547, 6.745937557220459, 6.35791316986084, 6.35758939743042, 6.222745914459228, 6.212941665649414, 6.173972301483154, 7.519320526123047, 7.231085243225098, 7.103235359191895, 6.395157089233399, 6.037094764709472, 6.296028079986573, 6.5155847549438475, 6.667435760498047, 7.947759284973144, 7.499474334716797, 6.763888626098633, 6.470858249664307, 6.258865432739258, 6.3261050033569335, 6.317407760620117, 6.031624088287353, 6.060147171020508, 6.133733425140381, 6.2279485321044925, 6.377525100708008, 6.368631744384766, 6.92977424621582, 6.191943283081055, 6.001347198486328, 6.206395416259766, 6.089673461914063, 5.749706363677978, 5.588971061706543, 5.471309432983398, 5.956240272521972, 6.0218108367919925, 5.980170612335205, 5.925961132049561, 6.387583923339844, 6.665034027099609, 6.119566078186035, 5.965920562744141, 6.1940171432495115, 6.147700424194336, 6.164568853378296, 5.962152633666992, 6.297353935241699, 6.309885406494141, 6.317147483825684, 6.8173271179199215, 6.783443641662598, 6.236865310668946, 6.1499690818786625, 5.884187850952149, 7.11713020324707, 6.991873931884766, 6.140282421112061, 5.942457809448242, 5.853377265930176, 5.67988525390625, 5.718973827362061, 5.640487060546875, 5.839507675170898, 5.711068153381348, 6.015187091827393, 6.186217460632324, 6.766332359313965, 6.786081867218018, 6.03882266998291, 6.20175916671753, 6.315060176849365, 5.748552837371826, 6.113548469543457, 6.020148010253906, 6.118430290222168, 5.816886672973633, 5.741870651245117, 5.857301445007324, 5.745315284729004, 5.618461494445801, 5.633518142700195, 5.719866714477539, 5.6563702583312985, 5.881050853729248, 5.9135004425048825, 5.900777893066406, 5.563549995422363, 5.731143760681152],