{"hparms": {"model": "modelv02", "pre-processing": false, "post-processing": false, "data_augment": false, "keep_prob": 1, "nb_iter": 10, "epochs_per_iter": 1, "batch_size": 128, "calc_crps": 0, "m": 500, "loss": "RMSE", "optimizer": {"name": "Adam", "params": {"lr": 0.0005, "beta_1": 0.9, "beta_2": 0.999, "epsilon": null, "decay": 0.0, "amsgrad": false}}}, "losses": {"train": [[44.714073181152344, 108.87156433105469], [32.67006874084473, 71.59323684692383], [31.925833587646483, 59.81610122680664], [29.96145263671875, 60.391243896484376], [29.347001037597657, 67.32831146240234], [29.76391632080078, 56.57131317138672], [29.503389892578124, 57.65182800292969], [30.124313049316406, 54.47941070556641], [30.448518676757814, 58.280302734375], [27.6116845703125, 54.07038619995117]], "val": [[29.868120193481445, 79.4311752319336], [30.078474044799805, 55.08326721191406], [29.306074142456055, 60.269020080566406], [25.888010025024414, 60.384254455566406], [25.419029235839844, 52.57583999633789], [26.649642944335938, 53.91780090332031], [30.10527992248535, 52.5713005065918], [26.926410675048828, 56.275123596191406], [26.678205490112305, 52.932411193847656], [26.190534591674805, 53.02408218383789]]}, "duration": 19.474626779556274}