{"hparms": {"model": "segnet_single_slice", "pre-processing": false, "post-processing": false, "data_augment": false, "keep_prob": 1, "nb_iter": 250, "epochs_per_iter": 1, "batch_size": 32, "calc_crps": 0, "m": 2500, "rnd_seed": 176, "image_size": [184, 184], "loss": "binary_crossentropy", "optimizer": {"name": "Adam", "params": {"lr": 0.00075, "beta_1": 0.9, "beta_2": 0.999, "epsilon": null, "decay": 0.0, "amsgrad": false}}, "loss_best": 0.0006153267278335989}, "losses": [0.14121294049024583, 0.06258224656581879, 0.04519523934721947, 0.029553035974502564, 0.021986013889312744, 0.018795604753494264, 0.017440704640746117, 0.015217895621061324, 0.014823029088974, 0.013988439917564393, 0.012617289884388446, 0.012701991768181323, 0.011335716408491134, 0.010791425006091595, 0.009964466741681098, 0.009310025595128536, 0.009019928321242333, 0.00903982329070568, 0.008621738849580288, 0.008326201212406159, 0.00920289762765169, 0.010393949202448129, 0.007717234344780445, 0.007325459876656532, 0.0070169791720807555, 0.007106023700535298, 0.006674601429700852, 0.0065315188333392145, 0.006103750205226243, 0.006021539975702763, 0.005940367178618908, 0.005845170427858829, 0.0056957701981067655, 0.005593223026394844, 0.005411436349153519, 0.005205512079596519, 0.013436720505356789, 0.008904766854643822, 0.006373411187529564, 0.005768972620368004, 0.0050403655361384156, 0.004684131993353367, 0.004447567476332188, 0.004387950589507818, 0.004380125448852777, 0.004307901295274496, 0.004005164014175534, 0.0037319503448903562, 0.003761487994715571, 0.003692136363685131, 0.003655001425743103, 0.0034937555976212024, 0.0033094553105533124, 0.0032657361954450607, 0.003221954337880015, 0.003242370876669884, 0.0031012622267007827, 0.0036025773525238036, 0.0030618445985019205, 0.0030713956583291293, 0.003502533107250929, 0.0030378165945410727, 0.0028843250207602976, 0.002843742335960269, 0.0026113907359540463, 0.002686393503844738, 0.002714080199971795, 0.002703050646930933, 0.002637141887843609, 0.002395005210861564, 0.0024358451545238493, 0.002422387806326151, 0.002467168628796935, 0.002725860545784235, 0.0023378184396773576, 0.002404075959324837, 0.0026190091155469416, 0.0024528714515268803, 0.008401480394601821, 0.00762343432083726, 0.004310471724718809, 0.004222823118418455, 0.0027006536185741423, 0.0021763257328420876, 0.002034820484369993, 0.00205272724609822, 0.001967438229545951, 0.0018624103311449289, 0.0018313318949192763, 0.0018568806499242782, 0.002131797591969371, 0.001810119454935193, 0.0017463797664269804, 0.0017935880430042744, 0.0017749775100499392, 0.0018251360792666674, 0.0017987355763092636, 0.0017203034989535808, 0.001638275209069252, 0.0016660417549312116, 0.0017508884839713573, 0.0017874622454866766, 0.001777655954286456, 0.001672096510976553, 0.0017058496689423919, 0.001641800001822412, 0.0016326283872127533, 0.0016900470530614258, 0.001875008288025856, 0.0016400383446365594, 0.0016943042900413275, 0.0022682397723197936, 0.01115796532779932, 0.008732757636904717, 0.004368111315742135, 0.0029067751951515675, 0.0022121043315157293, 0.0018170210290700197, 0.001740723259188235, 0.0016168453205376865, 0.0015405342429876327, 0.0014313849802128971, 0.001361923715285957, 0.001515906349569559, 0.0014073592375963926, 0.0014348090899176896, 0.001334528662264347, 0.0014029490776360034, 0.0014166898854076862, 0.0012836568258702756, 0.0013324230995029212, 0.001395674748905003, 0.0013881500222720205, 0.0012669282227754594, 0.001224049273133278, 0.0012926793711259962, 0.0012928525174036622, 0.0013937530916184188, 0.0013206915348768235, 0.0013912836227566003, 0.0012822615042328833, 0.001258213170617819, 0.0013324498943984508, 0.0013862636610865594, 0.0012954466003924608, 0.0012851272216066719, 0.001265069568902254, 0.0013150070056319237, 0.0013588819060474633, 0.0013130517514422537, 0.001236447811871767, 0.0012545488383620977, 0.0013629573035985232, 0.0012729007655754685, 0.0013111004397273064, 0.001248678831756115, 0.0012387486524879933, 0.001285948694869876, 0.0012137639396823943, 0.0011450768817216157, 0.0012854996640235185, 0.001289518528431654, 0.0011943539156578481, 0.0012489080391824246, 0.0013655872032046319, 0.0012196737674996256, 0.001175646099820733, 0.001444227707386017, 0.0012065445725806057, 0.0012248901534825563, 0.0011870423080399632, 0.001282228420395404, 0.0011476532923057675, 0.0012889644805341959, 0.0011807757806032897, 0.0011281481463462114, 0.0011133049916476011, 0.0011499246316961944, 0.0010493711162358522, 0.0012333696015179158, 0.001282116509601474, 0.0014243824314326048, 0.0014542027492076158, 0.0013880125601775945, 0.0010849755998700856, 0.0010553163128905, 0.0009846031110733748, 0.0009728024140000344, 0.0012158442521467804, 0.0011356473580002786, 0.0010318353313952685, 0.0009831127582117915, 0.0010099005533382296, 0.0009654865566641092, 0.0009647145746275782, 0.0010182581271976233, 0.0011039224717766046, 0.0009900581759866326, 0.0009062394861131907, 0.0009248682930134237, 0.0009529955305159092, 0.0009734190717339516, 0.0015082071110606194, 0.0011710595975629986, 0.0009214351898059248, 0.0008733649424277246, 0.0009349605912808329, 0.0008383121198043227, 0.0008967947971075773, 0.0008815661925822496, 0.0009249294528737664, 0.0008561440744437277, 0.0009067370467819273, 0.0008708743553608656, 0.0008888561975210905, 0.0008969031171873212, 0.0009222881872206927, 0.0009005050227977335, 0.0008277995000593364, 0.0008320338994264603, 0.000850496408995241, 0.0010602204952389002, 0.006823779600858689, 0.008439751201122999, 0.0032941448237746953, 0.0020138129513710737, 0.0014023197017610073, 0.0010627338864840567, 0.000875951462239027, 0.0008036910809576511, 0.0007347943492233754, 0.000702559114806354, 0.0006413047370035202, 0.0006599562499672175, 0.0006677877734415233, 0.0006927721661515534, 0.0006878169907256961, 0.0006198528012260795, 0.0007032382231205702, 0.0006366366762667894, 0.0006270263054408133, 0.000648191851330921, 0.0006153267278335989, 0.0006669346325099469, 0.000671939673088491, 0.0006933894721791148, 0.0006530690387822688, 0.0006324949662201107, 0.0006550009735859931, 0.0006778376568108797], "duration": 3683.398801088333}